bookID,average_rating
2538,3.9323591464876553
31912,3.9323591464876553
7716,3.9323591464876553
7811,3.9323591464876553
19379,3.9323591464876553
41539,3.9323591464876553
12947,3.9323591464876553
2735,3.9323591464876553
35425,3.9323591464876553
42959,3.9323591464876553
3830,3.9323591464876553
6149,3.9323591464876553
43556,3.9323591464876553
10629,3.9323591464876553
11019,3.9323591464876553
20258,3.9323591464876553
37052,3.9323591464876553
14313,3.9323591464876553
23235,3.9323591464876553
16686,3.9323591464876553
15714,3.9323591464876553
39418,3.9323591464876553
5898,3.9323591464876553
28425,3.9323591464876553
9602,3.9323591464876553
42359,3.9323591464876553
28272,3.9323591464876553
11436,3.9323591464876553
34327,3.9323591464876553
19396,3.9323591464876553
44925,3.9323591464876553
16213,3.9323591464876553
18297,3.9323591464876553
8285,3.9323591464876553
9444,3.9323591464876553
12315,3.9323591464876553
30574,3.9323591464876553
43536,3.9323591464876553
2958,3.9323591464876553
25850,3.9323591464876553
26229,3.9323591464876553
2781,3.9323591464876553
42198,3.9323591464876553
1521,3.9323591464876553
15624,3.9323591464876553
3006,3.9323591464876553
44146,3.9323591464876553
19580,3.9323591464876553
44649,3.9323591464876553
8969,3.9323591464876553
28763,3.9323591464876553
20519,3.9323591464876553
7092,3.9323591464876553
25713,3.9323591464876553
43562,3.9323591464876553
16077,3.9323591464876553
4524,3.9323591464876553
40384,3.9323591464876553
6800,3.9323591464876553
13064,3.9323591464876553
43889,3.9323591464876553
28699,3.9323591464876553
13834,3.9323591464876553
42882,3.9323591464876553
103,3.9323591464876553
28865,3.9323591464876553
8048,3.9323591464876553
22489,3.9323591464876553
707,3.9323591464876553
29011,3.9323591464876553
15900,3.9323591464876553
25777,3.9323591464876553
1494,3.9323591464876553
12583,3.9323591464876553
21534,3.9323591464876553
29167,3.9323591464876553
18144,3.9323591464876553
17011,3.9323591464876553
890,3.9323591464876553
44018,3.9323591464876553
23045,3.9323591464876553
35432,3.9323591464876553
11861,3.9323591464876553
27885,3.9323591464876553
7549,3.9323591464876553
18700,3.9323591464876553
2211,3.9323591464876553
2962,3.9323591464876553
34897,3.9323591464876553
35219,3.9323591464876553
21343,3.9323591464876553
3803,3.9323591464876553
3513,3.9323591464876553
33999,3.9323591464876553
19361,3.9323591464876553
44133,3.9323591464876553
26638,3.9323591464876553
15855,3.9323591464876553
32830,3.9323591464876553
32421,3.9323591464876553
664,3.9323591464876553
4540,3.9323591464876553
3828,3.9323591464876553
25363,3.9323591464876553
44881,3.9323591464876553
21495,3.9323591464876553
32111,3.9323591464876553
31925,3.9323591464876553
23316,3.9323591464876553
3679,3.9323591464876553
13446,3.9323591464876553
2409,3.9323591464876553
12789,3.9323591464876553
11317,3.9323591464876553
28524,3.9323591464876553
447,3.9323591464876553
5442,3.9323591464876553
14072,3.9323591464876553
18384,3.9323591464876553
1852,3.9323591464876553
32400,3.9323591464876553
32737,3.9323591464876553
152,3.9323591464876553
37837,3.9323591464876553
23849,3.9323591464876553
15557,3.9323591464876553
16180,3.9323591464876553
31978,3.9323591464876553
22867,3.9323591464876553
7188,3.9323591464876553
20398,3.9323591464876553
17807,3.9323591464876553
8290,3.9323591464876553
29435,3.9323591464876553
32975,3.9323591464876553
14606,3.9323591464876553
38004,3.9323591464876553
14403,3.9323591464876553
43503,3.9323591464876553
35052,3.9323591464876553
13571,3.9323591464876553
43963,3.9323591464876553
41863,3.9323591464876553
15295,3.9323591464876553
32358,3.9323591464876553
32099,3.9323591464876553
26590,3.9323591464876553
18646,3.9323591464876553
10964,3.9323591464876553
15052,3.9323591464876553
17982,3.9323591464876553
11383,3.9323591464876553
6298,3.9323591464876553
38262,3.9323591464876553
39022,3.9323591464876553
17295,3.9323591464876553
18521,3.9323591464876553
11269,3.9323591464876553
870,3.9323591464876553
14137,3.9323591464876553
22166,3.9323591464876553
40048,3.9323591464876553
4435,3.9323591464876553
15438,3.9323591464876553
7439,3.9323591464876553
31804,3.9323591464876553
14983,3.9323591464876553
34452,3.9323591464876553
21326,3.9323591464876553
24866,3.9323591464876553
16692,3.9323591464876553
18798,3.9323591464876553
41664,3.9323591464876553
12817,3.9323591464876553
31034,3.9323591464876553
5729,3.9323591464876553
33616,3.9323591464876553
6540,3.9323591464876553
44644,3.9323591464876553
11550,3.9323591464876553
5554,3.9323591464876553
15997,3.9323591464876553
24692,3.9323591464876553
18361,3.9323591464876553
22356,3.9323591464876553
5595,3.9323591464876553
37169,3.9323591464876553
35926,3.9323591464876553
23377,3.9323591464876553
18305,3.9323591464876553
18241,3.9323591464876553
2520,3.9323591464876553
21931,3.9323591464876553
435,3.9323591464876553
33569,3.9323591464876553
13530,3.9323591464876553
2095,3.9323591464876553
8203,3.9323591464876553
32505,3.9323591464876553
25257,3.9323591464876553
9347,3.9323591464876553
20343,3.9323591464876553
30743,3.9323591464876553
42382,3.9323591464876553
33734,3.9323591464876553
12676,3.9323591464876553
6159,3.9323591464876553
14721,3.9323591464876553
15781,3.9323591464876553
21114,3.9323591464876553
2445,3.9323591464876553
8909,3.9323591464876553
20891,3.9323591464876553
17296,3.9323591464876553
19383,3.9323591464876553
22176,3.9323591464876553
40470,3.9323591464876553
8546,3.9323591464876553
25946,3.9323591464876553
19661,3.9323591464876553
17152,3.9323591464876553
848,3.9323591464876553
66,3.9323591464876553
22493,3.9323591464876553
38244,3.9323591464876553
20182,3.9323591464876553
1850,3.9323591464876553
27356,3.9323591464876553
2327,3.9323591464876553
35335,3.9323591464876553
19475,3.9323591464876553
13194,3.9323591464876553
35120,3.9323591464876553
29797,3.9323591464876553
171,3.9323591464876553
5104,3.9323591464876553
12000,3.9323591464876553
15437,3.9323591464876553
14016,3.9323591464876553
42603,3.9323591464876553
3359,3.9323591464876553
29936,3.9323591464876553
24346,3.9323591464876553
44685,3.9323591464876553
29285,3.9323591464876553
15018,3.9323591464876553
24172,3.9323591464876553
41700,3.9323591464876553
44567,3.9323591464876553
38680,3.9323591464876553
33837,3.9323591464876553
12075,3.9323591464876553
9006,3.9323591464876553
4845,3.9323591464876553
25174,3.9323591464876553
24064,3.9323591464876553
34504,3.9323591464876553
14962,3.9323591464876553
1476,3.9323591464876553
2761,3.9323591464876553
8178,3.9323591464876553
2770,3.9323591464876553
12043,3.9323591464876553
2655,3.9323591464876553
12975,3.9323591464876553
12990,3.9323591464876553
18133,3.9323591464876553
17837,3.9323591464876553
2997,3.9323591464876553
25401,3.9323591464876553
21803,3.9323591464876553
7849,3.9323591464876553
5653,3.9323591464876553
32110,3.9323591464876553
1527,3.9323591464876553
38429,3.9323591464876553
35807,3.9323591464876553
5777,3.9323591464876553
44353,3.9323591464876553
25866,3.9323591464876553
19448,3.9323591464876553
157,3.9323591464876553
9164,3.9323591464876553
20235,3.9323591464876553
5575,3.9323591464876553
9652,3.9323591464876553
26525,3.9323591464876553
42758,3.9323591464876553
17845,3.9323591464876553
27780,3.9323591464876553
37134,3.9323591464876553
23627,3.9323591464876553
25709,3.9323591464876553
37675,3.9323591464876553
9515,3.9323591464876553
18438,3.9323591464876553
42369,3.9323591464876553
45639,3.9323591464876553
30891,3.9323591464876553
7591,3.9323591464876553
23827,3.9323591464876553
33699,3.9323591464876553
43884,3.9323591464876553
41459,3.9323591464876553
23882,3.9323591464876553
5755,3.9323591464876553
24601,3.9323591464876553
16669,3.9323591464876553
3303,3.9323591464876553
3532,3.9323591464876553
3438,3.9323591464876553
1566,3.9323591464876553
23218,3.9323591464876553
24768,3.9323591464876553
7959,3.9323591464876553
86,3.9323591464876553
5296,3.9323591464876553
43084,3.9323591464876553
40335,3.9323591464876553
5402,3.9323591464876553
10711,3.9323591464876553
44046,3.9323591464876553
16697,3.9323591464876553
25023,3.9323591464876553
31836,3.9323591464876553
16718,3.9323591464876553
36,3.9323591464876553
29746,3.9323591464876553
7796,3.9323591464876553
42880,3.9323591464876553
42741,3.9323591464876553
4418,3.9323591464876553
12488,3.9323591464876553
12615,3.9323591464876553
6115,3.9323591464876553
44478,3.9323591464876553
10968,3.9323591464876553
27883,3.9323591464876553
19068,3.9323591464876553
38643,3.9323591464876553
2333,3.9323591464876553
25246,3.9323591464876553
9888,3.9323591464876553
2107,3.9323591464876553
5371,3.9323591464876553
43433,3.9323591464876553
5891,3.9323591464876553
24725,3.9323591464876553
12938,3.9323591464876553
22916,3.9323591464876553
11752,3.9323591464876553
15318,3.9323591464876553
3273,3.9323591464876553
23814,3.9323591464876553
4942,3.9323591464876553
27514,3.9323591464876553
30010,3.9323591464876553
18852,3.9323591464876553
9557,3.9323591464876553
130,3.9323591464876553
416,3.9323591464876553
15049,3.9323591464876553
6422,3.9323591464876553
12078,3.9323591464876553
7343,3.9323591464876553
26189,3.9323591464876553
3388,3.9323591464876553
28205,3.9323591464876553
14268,3.9323591464876553
44145,3.9323591464876553
37241,3.9323591464876553
793,3.9323591464876553
16763,3.9323591464876553
36598,3.9323591464876553
34833,3.9323591464876553
3167,3.9323591464876553
40158,3.9323591464876553
9739,3.9323591464876553
2843,3.9323591464876553
43828,3.9323591464876553
42625,3.9323591464876553
17610,3.9323591464876553
4675,3.9323591464876553
15867,3.9323591464876553
30923,3.9323591464876553
9186,3.9323591464876553
1078,3.9323591464876553
15136,3.9323591464876553
11308,3.9323591464876553
10976,3.9323591464876553
17877,3.9323591464876553
3736,3.9323591464876553
16429,3.9323591464876553
41217,3.9323591464876553
39969,3.9323591464876553
25171,3.9323591464876553
44349,3.9323591464876553
17356,3.9323591464876553
10552,3.9323591464876553
42956,3.9323591464876553
31177,3.9323591464876553
33615,3.9323591464876553
33137,3.9323591464876553
422,3.9323591464876553
41487,3.9323591464876553
4525,3.9323591464876553
37693,3.9323591464876553
8199,3.9323591464876553
10796,3.9323591464876553
332,3.9323591464876553
32435,3.9323591464876553
9376,3.9323591464876553
24115,3.9323591464876553
8249,3.9323591464876553
39027,3.9323591464876553
3582,3.9323591464876553
19684,3.9323591464876553
4325,3.9323591464876553
13872,3.9323591464876553
5915,3.9323591464876553
15937,3.9323591464876553
1620,3.9323591464876553
44187,3.9323591464876553
14909,3.9323591464876553
22656,3.9323591464876553
28078,3.9323591464876553
26079,3.9323591464876553
35406,3.9323591464876553
24682,3.9323591464876553
44524,3.9323591464876553
38469,3.9323591464876553
31678,3.9323591464876553
1523,3.9323591464876553
36259,3.9323591464876553
31306,3.9323591464876553
25048,3.9323591464876553
903,3.9323591464876553
7996,3.9323591464876553
18287,3.9323591464876553
40604,3.9323591464876553
34495,3.9323591464876553
22691,3.9323591464876553
3886,3.9323591464876553
33722,3.9323591464876553
34427,3.9323591464876553
4263,3.9323591464876553
28186,3.9323591464876553
39747,3.9323591464876553
7783,3.9323591464876553
23975,3.9323591464876553
4434,3.9323591464876553
35880,3.9323591464876553
13241,3.9323591464876553
41125,3.9323591464876553
965,3.9323591464876553
45462,3.9323591464876553
15448,3.9323591464876553
23717,3.9323591464876553
33159,3.9323591464876553
30272,3.9323591464876553
45253,3.9323591464876553
22360,3.9323591464876553
41072,3.9323591464876553
2010,3.9323591464876553
21624,3.9323591464876553
7493,3.9323591464876553
45313,3.9323591464876553
33555,3.9323591464876553
18931,3.9323591464876553
19257,3.9323591464876553
30868,3.9323591464876553
247,3.9323591464876553
39347,3.9323591464876553
16967,3.9323591464876553
6505,3.9323591464876553
21489,3.9323591464876553
18334,3.9323591464876553
5544,3.9323591464876553
36193,3.9323591464876553
31340,3.9323591464876553
44535,3.9323591464876553
1164,3.9323591464876553
24124,3.9323591464876553
12936,3.9323591464876553
14318,3.9323591464876553
23917,3.9323591464876553
27000,3.9323591464876553
20117,3.9323591464876553
27828,3.9323591464876553
25190,3.9323591464876553
17292,3.9323591464876553
35138,3.9323591464876553
5216,3.9323591464876553
17153,3.9323591464876553
3402,3.9323591464876553
29289,3.9323591464876553
231,3.9323591464876553
40386,3.9323591464876553
24060,3.9323591464876553
29044,3.9323591464876553
28158,3.9323591464876553
18160,3.9323591464876553
3254,3.9323591464876553
17412,3.9323591464876553
19307,3.9323591464876553
1532,3.9323591464876553
5159,3.9323591464876553
13228,3.9323591464876553
33873,3.9323591464876553
17643,3.9323591464876553
10476,3.9323591464876553
13986,3.9323591464876553
230,3.9323591464876553
25102,3.9323591464876553
24450,3.9323591464876553
41695,3.9323591464876553
17157,3.9323591464876553
5309,3.9323591464876553
3545,3.9323591464876553
30249,3.9323591464876553
2912,3.9323591464876553
31611,3.9323591464876553
39506,3.9323591464876553
9462,3.9323591464876553
32813,3.9323591464876553
21220,3.9323591464876553
9337,3.9323591464876553
33993,3.9323591464876553
44284,3.9323591464876553
6527,3.9323591464876553
23640,3.9323591464876553
29580,3.9323591464876553
1467,3.9323591464876553
25494,3.9323591464876553
19528,3.9323591464876553
5167,3.9323591464876553
8908,3.9323591464876553
38664,3.9323591464876553
9143,3.9323591464876553
24337,3.9323591464876553
43282,3.9323591464876553
17253,3.9323591464876553
23206,3.9323591464876553
34224,3.9323591464876553
2898,3.9323591464876553
407,3.9323591464876553
27516,3.9323591464876553
32503,3.9323591464876553
22135,3.9323591464876553
23697,3.9323591464876553
41219,3.9323591464876553
32433,3.9323591464876553
5211,3.9323591464876553
42808,3.9323591464876553
10563,3.9323591464876553
8814,3.9323591464876553
7924,3.9323591464876553
6971,3.9323591464876553
10347,3.9323591464876553
18405,3.9323591464876553
5985,3.9323591464876553
13664,3.9323591464876553
24711,3.9323591464876553
44883,3.9323591464876553
28815,3.9323591464876553
9929,3.9323591464876553
7830,3.9323591464876553
23307,3.9323591464876553
7061,3.9323591464876553
41781,3.9323591464876553
5190,3.9323591464876553
26695,3.9323591464876553
36303,3.9323591464876553
28845,3.9323591464876553
7531,3.9323591464876553
28899,3.9323591464876553
22288,3.9323591464876553
31881,3.9323591464876553
17766,3.9323591464876553
22633,3.9323591464876553
24205,3.9323591464876553
23232,3.9323591464876553
3418,3.9323591464876553
537,3.9323591464876553
2267,3.9323591464876553
7734,3.9323591464876553
4777,3.9323591464876553
16809,3.9323591464876553
44795,3.9323591464876553
18549,3.9323591464876553
29395,3.9323591464876553
13916,3.9323591464876553
2077,3.9323591464876553
43332,3.9323591464876553
39175,3.9323591464876553
6048,3.9323591464876553
20234,3.9323591464876553
17781,3.9323591464876553
43796,3.9323591464876553
45259,3.9323591464876553
40326,3.9323591464876553
41662,3.9323591464876553
35,3.9323591464876553
6572,3.9323591464876553
7665,3.9323591464876553
43504,3.9323591464876553
1073,3.9323591464876553
3509,3.9323591464876553
22871,3.9323591464876553
22826,3.9323591464876553
14092,3.9323591464876553
5354,3.9323591464876553
3311,3.9323591464876553
22687,3.9323591464876553
3384,3.9323591464876553
22417,3.9323591464876553
2887,3.9323591464876553
22392,3.9323591464876553
32185,3.9323591464876553
5328,3.9323591464876553
20237,3.9323591464876553
37861,3.9323591464876553
431,3.9323591464876553
12250,3.9323591464876553
37900,3.9323591464876553
16464,3.9323591464876553
13368,3.9323591464876553
22550,3.9323591464876553
18849,3.9323591464876553
27304,3.9323591464876553
13609,3.9323591464876553
13634,3.9323591464876553
43650,3.9323591464876553
13596,3.9323591464876553
1976,3.9323591464876553
13544,3.9323591464876553
5480,3.9323591464876553
25348,3.9323591464876553
29965,3.9323591464876553
25618,3.9323591464876553
11785,3.9323591464876553
45036,3.9323591464876553
9582,3.9323591464876553
27696,3.9323591464876553
10687,3.9323591464876553
34985,3.9323591464876553
6904,3.9323591464876553
1538,3.9323591464876553
25307,3.9323591464876553
30206,3.9323591464876553
31486,3.9323591464876553
19295,3.9323591464876553
9746,3.9323591464876553
35882,3.9323591464876553
3476,3.9323591464876553
7784,3.9323591464876553
20833,3.9323591464876553
6003,3.9323591464876553
39797,3.9323591464876553
24812,3.9323591464876553
41193,3.9323591464876553
34080,3.9323591464876553
43554,3.9323591464876553
7946,3.9323591464876553
44982,3.9323591464876553
18273,3.9323591464876553
11253,3.9323591464876553
19633,3.9323591464876553
27385,3.9323591464876553
35668,3.9323591464876553
7847,3.9323591464876553
25639,3.9323591464876553
32520,3.9323591464876553
43089,3.9323591464876553
21685,3.9323591464876553
5770,3.9323591464876553
21230,3.9323591464876553
14286,3.9323591464876553
41918,3.9323591464876553
22822,3.9323591464876553
10525,3.9323591464876553
13140,3.9323591464876553
11623,3.9323591464876553
16148,3.9323591464876553
9501,3.9323591464876553
7420,3.9323591464876553
21759,3.9323591464876553
17031,3.9323591464876553
13517,3.9323591464876553
8254,3.9323591464876553
27473,3.9323591464876553
935,3.9323591464876553
37262,3.9323591464876553
11507,3.9323591464876553
45623,3.9323591464876553
4935,3.9323591464876553
42485,3.9323591464876553
42213,3.9323591464876553
16710,3.9323591464876553
18419,3.9323591464876553
40450,3.9323591464876553
762,3.9323591464876553
37451,3.9323591464876553
43150,3.9323591464876553
9714,3.9323591464876553
37067,3.9323591464876553
10987,3.9323591464876553
4817,3.9323591464876553
21874,3.9323591464876553
5907,3.9323591464876553
38970,3.9323591464876553
3732,3.9323591464876553
31040,3.9323591464876553
29421,3.9323591464876553
20022,3.9323591464876553
13588,3.9323591464876553
31693,3.9323591464876553
43702,3.9323591464876553
18792,3.9323591464876553
20646,3.9323591464876553
6896,3.9323591464876553
829,3.9323591464876553
32951,3.9323591464876553
17473,3.9323591464876553
32094,3.9323591464876553
22338,3.9323591464876553
14002,3.9323591464876553
16431,3.9323591464876553
35547,3.9323591464876553
16898,3.9323591464876553
30263,3.9323591464876553
37516,3.9323591464876553
40582,3.9323591464876553
42811,3.9323591464876553
40992,3.9323591464876553
31437,3.9323591464876553
22160,3.9323591464876553
30474,3.9323591464876553
2005,3.9323591464876553
2501,3.9323591464876553
11426,3.9323591464876553
39980,3.9323591464876553
13388,3.9323591464876553
33464,3.9323591464876553
30598,3.9323591464876553
12982,3.9323591464876553
201,3.9323591464876553
34296,3.9323591464876553
30039,3.9323591464876553
43739,3.9323591464876553
2057,3.9323591464876553
30162,3.9323591464876553
5530,3.9323591464876553
9660,3.9323591464876553
23816,3.9323591464876553
26931,3.9323591464876553
32427,3.9323591464876553
42430,3.9323591464876553
6902,3.9323591464876553
5937,3.9323591464876553
40128,3.9323591464876553
11519,3.9323591464876553
14345,3.9323591464876553
37552,3.9323591464876553
28808,3.9323591464876553
2127,3.9323591464876553
21787,3.9323591464876553
28418,3.9323591464876553
29254,3.9323591464876553
14785,3.9323591464876553
12738,3.9323591464876553
3426,3.9323591464876553
37,3.9323591464876553
37546,3.9323591464876553
19172,3.9323591464876553
23186,3.9323591464876553
45615,3.9323591464876553
16245,3.9323591464876553
3248,3.9323591464876553
269,3.9323591464876553
44905,3.9323591464876553
771,3.9323591464876553
1722,3.9323591464876553
8804,3.9323591464876553
45625,3.9323591464876553
2136,3.9323591464876553
37954,3.9323591464876553
25653,3.9323591464876553
6876,3.9323591464876553
30334,3.9323591464876553
22832,3.9323591464876553
16987,3.9323591464876553
1402,3.9323591464876553
2102,3.9323591464876553
11970,3.9323591464876553
30282,3.9323591464876553
28209,3.9323591464876553
9506,3.9323591464876553
34307,3.9323591464876553
41697,3.9323591464876553
44399,3.9323591464876553
4965,3.9323591464876553
40157,3.9323591464876553
7552,3.9323591464876553
32108,3.9323591464876553
39690,3.9323591464876553
1804,3.9323591464876553
11768,3.9323591464876553
40146,3.9323591464876553
931,3.9323591464876553
22332,3.9323591464876553
29404,3.9323591464876553
15110,3.9323591464876553
7339,3.9323591464876553
38739,3.9323591464876553
7896,3.9323591464876553
11130,3.9323591464876553
43700,3.9323591464876553
21832,3.9323591464876553
18878,3.9323591464876553
14176,3.9323591464876553
23989,3.9323591464876553
30365,3.9323591464876553
21626,3.9323591464876553
22789,3.9323591464876553
1935,3.9323591464876553
26425,3.9323591464876553
10370,3.9323591464876553
3852,3.9323591464876553
33833,3.9323591464876553
12086,3.9323591464876553
22202,3.9323591464876553
30242,3.9323591464876553
8714,3.9323591464876553
16392,3.9323591464876553
14583,3.9323591464876553
11159,3.9323591464876553
19022,3.9323591464876553
29470,3.9323591464876553
2144,3.9323591464876553
16188,3.9323591464876553
32696,3.9323591464876553
13487,3.9323591464876553
23065,3.9323591464876553
11704,3.9323591464876553
19801,3.9323591464876553
38583,3.9323591464876553
42311,3.9323591464876553
10984,3.9323591464876553
11627,3.9323591464876553
1563,3.9323591464876553
12095,3.9323591464876553
21089,3.9323591464876553
33686,3.9323591464876553
11707,3.9323591464876553
18282,3.9323591464876553
21031,3.9323591464876553
23293,3.9323591464876553
23753,3.9323591464876553
22807,3.9323591464876553
12853,3.9323591464876553
11938,3.9323591464876553
22553,3.9323591464876553
27434,3.9323591464876553
7331,3.9323591464876553
22188,3.9323591464876553
19056,3.9323591464876553
42415,3.9323591464876553
3431,3.9323591464876553
18834,3.9323591464876553
22726,3.9323591464876553
39141,3.9323591464876553
1022,3.9323591464876553
11854,3.9323591464876553
20562,3.9323591464876553
2205,3.9323591464876553
14975,3.9323591464876553
4608,3.9323591464876553
32202,3.9323591464876553
40995,3.9323591464876553
21353,3.9323591464876553
41005,3.9323591464876553
12477,3.9323591464876553
18061,3.9323591464876553
36706,3.9323591464876553
34084,3.9323591464876553
28658,3.9323591464876553
15501,3.9323591464876553
8494,3.9323591464876553
2860,3.9323591464876553
28570,3.9323591464876553
43255,3.9323591464876553
30658,3.9323591464876553
41085,3.9323591464876553
18172,3.9323591464876553
19400,3.9323591464876553
31178,3.9323591464876553
9648,3.9323591464876553
3581,3.9323591464876553
30475,3.9323591464876553
1529,3.9323591464876553
14096,3.9323591464876553
23158,3.9323591464876553
29581,3.9323591464876553
822,3.9323591464876553
19100,3.9323591464876553
7968,3.9323591464876553
32939,3.9323591464876553
5910,3.9323591464876553
404,3.9323591464876553
14659,3.9323591464876553
12678,3.9323591464876553
34155,3.9323591464876553
1571,3.9323591464876553
25663,3.9323591464876553
28212,3.9323591464876553
30348,3.9323591464876553
43432,3.9323591464876553
12478,3.9323591464876553
34503,3.9323591464876553
6424,3.9323591464876553
8525,3.9323591464876553
24136,3.9323591464876553
12859,3.9323591464876553
14492,3.9323591464876553
6919,3.9323591464876553
17277,3.9323591464876553
23398,3.9323591464876553
24970,3.9323591464876553
32331,3.9323591464876553
7778,3.9323591464876553
38835,3.9323591464876553
24850,3.9323591464876553
672,3.9323591464876553
13997,3.9323591464876553
18603,3.9323591464876553
19688,3.9323591464876553
44533,3.9323591464876553
25179,3.9323591464876553
25078,3.9323591464876553
41087,3.9323591464876553
37339,3.9323591464876553
34612,3.9323591464876553
20181,3.9323591464876553
24431,3.9323591464876553
29627,3.9323591464876553
21290,3.9323591464876553
37379,3.9323591464876553
19898,3.9323591464876553
16121,3.9323591464876553
26871,3.9323591464876553
26759,3.9323591464876553
3471,3.9323591464876553
38736,3.9323591464876553
29919,3.9323591464876553
30852,3.9323591464876553
15779,3.9323591464876553
8820,3.9323591464876553
31802,3.9323591464876553
6628,3.9323591464876553
32500,3.9323591464876553
534,3.9323591464876553
31115,3.9323591464876553
11352,3.9323591464876553
11031,3.9323591464876553
3734,3.9323591464876553
8583,3.9323591464876553
2389,3.9323591464876553
7102,3.9323591464876553
15599,3.9323591464876553
16542,3.9323591464876553
21188,3.9323591464876553
37744,3.9323591464876553
23793,3.9323591464876553
42146,3.9323591464876553
12847,3.9323591464876553
41659,3.9323591464876553
5376,3.9323591464876553
2612,3.9323591464876553
37860,3.9323591464876553
41865,3.9323591464876553
30567,3.9323591464876553
5558,3.9323591464876553
3972,3.9323591464876553
22514,3.9323591464876553
11021,3.9323591464876553
45085,3.9323591464876553
34816,3.9323591464876553
29624,3.9323591464876553
35206,3.9323591464876553
23548,3.9323591464876553
14030,3.9323591464876553
13552,3.9323591464876553
1301,3.9323591464876553
43219,3.9323591464876553
15012,3.9323591464876553
28670,3.9323591464876553
1317,3.9323591464876553
1686,3.9323591464876553
38465,3.9323591464876553
40913,3.9323591464876553
13923,3.9323591464876553
10789,3.9323591464876553
24288,3.9323591464876553
3698,3.9323591464876553
41864,3.9323591464876553
41154,3.9323591464876553
10404,3.9323591464876553
19315,3.9323591464876553
13083,3.9323591464876553
30199,3.9323591464876553
6245,3.9323591464876553
3530,3.9323591464876553
14462,3.9323591464876553
15580,3.9323591464876553
30515,3.9323591464876553
15168,3.9323591464876553
21075,3.9323591464876553
14951,3.9323591464876553
2367,3.9323591464876553
3831,3.9323591464876553
10528,3.9323591464876553
19788,3.9323591464876553
33718,3.9323591464876553
17918,3.9323591464876553
2873,3.9323591464876553
5486,3.9323591464876553
24432,3.9323591464876553
21753,3.9323591464876553
12497,3.9323591464876553
5981,3.9323591464876553
43328,3.9323591464876553
31481,3.9323591464876553
16968,3.9323591464876553
38752,3.9323591464876553
6856,3.9323591464876553
1531,3.9323591464876553
40276,3.9323591464876553
16286,3.9323591464876553
13382,3.9323591464876553
34517,3.9323591464876553
21016,3.9323591464876553
24781,3.9323591464876553
10445,3.9323591464876553
10008,3.9323591464876553
13727,3.9323591464876553
26071,3.9323591464876553
20249,3.9323591464876553
1525,3.9323591464876553
17289,3.9323591464876553
16313,3.9323591464876553
33446,3.9323591464876553
26581,3.9323591464876553
15245,3.9323591464876553
25879,3.9323591464876553
27825,3.9323591464876553
7881,3.9323591464876553
41097,3.9323591464876553
1,3.9323591464876553
38093,3.9323591464876553
14088,3.9323591464876553
9767,3.9323591464876553
869,3.9323591464876553
22350,3.9323591464876553
37847,3.9323591464876553
39392,3.9323591464876553
30243,3.9323591464876553
19998,3.9323591464876553
26401,3.9323591464876553
6175,3.9323591464876553
45392,3.9323591464876553
11693,3.9323591464876553
8765,3.9323591464876553
44300,3.9323591464876553
7582,3.9323591464876553
29791,3.9323591464876553
12048,3.9323591464876553
17184,3.9323591464876553
5696,3.9323591464876553
12034,3.9323591464876553
19377,3.9323591464876553
24520,3.9323591464876553
1698,3.9323591464876553
19373,3.9323591464876553
362,3.9323591464876553
45000,3.9323591464876553
5671,3.9323591464876553
27523,3.9323591464876553
21743,3.9323591464876553
7960,3.9323591464876553
27827,3.9323591464876553
12999,3.9323591464876553
40215,3.9323591464876553
34343,3.9323591464876553
23552,3.9323591464876553
18212,3.9323591464876553
29434,3.9323591464876553
25565,3.9323591464876553
35433,3.9323591464876553
14320,3.9323591464876553
12147,3.9323591464876553
34505,3.9323591464876553
29156,3.9323591464876553
9566,3.9323591464876553
35125,3.9323591464876553
7708,3.9323591464876553
27413,3.9323591464876553
30387,3.9323591464876553
16449,3.9323591464876553
44255,3.9323591464876553
12444,3.9323591464876553
32947,3.9323591464876553
23525,3.9323591464876553
33186,3.9323591464876553
45201,3.9323591464876553
24525,3.9323591464876553
19847,3.9323591464876553
40296,3.9323591464876553
33001,3.9323591464876553
8852,3.9323591464876553
5752,3.9323591464876553
2209,3.9323591464876553
28257,3.9323591464876553
42934,3.9323591464876553
11993,3.9323591464876553
7246,3.9323591464876553
18840,3.9323591464876553
37105,3.9323591464876553
33922,3.9323591464876553
1931,3.9323591464876553
23966,3.9323591464876553
30392,3.9323591464876553
16734,3.9323591464876553
11933,3.9323591464876553
5458,3.9323591464876553
44433,3.9323591464876553
17609,3.9323591464876553
32144,3.9323591464876553
25069,3.9323591464876553
28734,3.9323591464876553
32184,3.9323591464876553
1052,3.9323591464876553
30966,3.9323591464876553
27167,3.9323591464876553
14049,3.9323591464876553
10990,3.9323591464876553
21764,3.9323591464876553
16451,3.9323591464876553
40312,3.9323591464876553
1475,3.9323591464876553
3510,3.9323591464876553
25688,3.9323591464876553
13440,3.9323591464876553
7388,3.9323591464876553
16452,3.9323591464876553
40868,3.9323591464876553
10518,3.9323591464876553
39660,3.9323591464876553
45568,3.9323591464876553
41486,3.9323591464876553
33581,3.9323591464876553
19088,3.9323591464876553
27539,3.9323591464876553
25737,3.9323591464876553
20971,3.9323591464876553
39358,3.9323591464876553
8811,3.9323591464876553
18913,3.9323591464876553
22127,3.9323591464876553
39306,3.9323591464876553
4933,3.9323591464876553
43269,3.9323591464876553
20287,3.9323591464876553
9787,3.9323591464876553
13421,3.9323591464876553
24096,3.9323591464876553
41573,3.9323591464876553
39771,3.9323591464876553
34385,3.9323591464876553
2536,3.9323591464876553
36667,3.9323591464876553
22576,3.9323591464876553
11472,3.9323591464876553
27626,3.9323591464876553
11428,3.9323591464876553
31442,3.9323591464876553
10464,3.9323591464876553
44149,3.9323591464876553
8528,3.9323591464876553
25014,3.9323591464876553
45289,3.9323591464876553
1315,3.9323591464876553
45479,3.9323591464876553
14566,3.9323591464876553
28308,3.9323591464876553
15647,3.9323591464876553
865,3.9323591464876553
7971,3.9323591464876553
21673,3.9323591464876553
21544,3.9323591464876553
18723,3.9323591464876553
39102,3.9323591464876553
25788,3.9323591464876553
39361,3.9323591464876553
16995,3.9323591464876553
30241,3.9323591464876553
6155,3.9323591464876553
12204,3.9323591464876553
11005,3.9323591464876553
12914,3.9323591464876553
44231,3.9323591464876553
5932,3.9323591464876553
6069,3.9323591464876553
38562,3.9323591464876553
29881,3.9323591464876553
3833,3.9323591464876553
13157,3.9323591464876553
39910,3.9323591464876553
26090,3.9323591464876553
43932,3.9323591464876553
6536,3.9323591464876553
13414,3.9323591464876553
13425,3.9323591464876553
1318,3.9323591464876553
43759,3.9323591464876553
14004,3.9323591464876553
1202,3.9323591464876553
35539,3.9323591464876553
642,3.9323591464876553
22904,3.9323591464876553
15654,3.9323591464876553
13146,3.9323591464876553
42060,3.9323591464876553
44170,3.9323591464876553
19679,3.9323591464876553
10233,3.9323591464876553
14026,3.9323591464876553
24414,3.9323591464876553
10536,3.9323591464876553
23802,3.9323591464876553
28948,3.9323591464876553
5503,3.9323591464876553
19797,3.9323591464876553
41851,3.9323591464876553
29898,3.9323591464876553
13853,3.9323591464876553
35417,3.9323591464876553
43623,3.9323591464876553
19511,3.9323591464876553
25744,3.9323591464876553
5319,3.9323591464876553
33013,3.9323591464876553
9419,3.9323591464876553
23932,3.9323591464876553
18182,3.9323591464876553
28689,3.9323591464876553
31742,3.9323591464876553
21934,3.9323591464876553
15535,3.9323591464876553
29155,3.9323591464876553
703,3.9323591464876553
8014,3.9323591464876553
30510,3.9323591464876553
14283,3.9323591464876553
4408,3.9323591464876553
32668,3.9323591464876553
1381,3.9323591464876553
16113,3.9323591464876553
6781,3.9323591464876553
22431,3.9323591464876553
13845,3.9323591464876553
41551,3.9323591464876553
30316,3.9323591464876553
43996,3.9323591464876553
15862,3.9323591464876553
5419,3.9323591464876553
42876,3.9323591464876553
17228,3.9323591464876553
41336,3.9323591464876553
36262,3.9323591464876553
17645,3.9323591464876553
2810,3.9323591464876553
21848,3.9323591464876553
24787,3.9323591464876553
18952,3.9323591464876553
40504,3.9323591464876553
12195,3.9323591464876553
30948,3.9323591464876553
18591,3.9323591464876553
13463,3.9323591464876553
22209,3.9323591464876553
14648,3.9323591464876553
29976,3.9323591464876553
11990,3.9323591464876553
4997,3.9323591464876553
18119,3.9323591464876553
12569,3.9323591464876553
3690,3.9323591464876553
3346,3.9323591464876553
13579,3.9323591464876553
7361,3.9323591464876553
34627,3.9323591464876553
109,3.9323591464876553
44229,3.9323591464876553
17375,3.9323591464876553
5348,3.9323591464876553
9516,3.9323591464876553
12427,3.9323591464876553
27747,3.9323591464876553
30415,3.9323591464876553
7304,3.9323591464876553
1517,3.9323591464876553
33762,3.9323591464876553
1879,3.9323591464876553
10971,3.9323591464876553
14476,3.9323591464876553
11225,3.9323591464876553
38677,3.9323591464876553
11657,3.9323591464876553
27005,3.9323591464876553
8741,3.9323591464876553
38522,3.9323591464876553
29941,3.9323591464876553
25017,3.9323591464876553
12712,3.9323591464876553
35249,3.9323591464876553
2186,3.9323591464876553
11556,3.9323591464876553
20687,3.9323591464876553
1362,3.9323591464876553
41348,3.9323591464876553
12557,3.9323591464876553
19308,3.9323591464876553
9498,3.9323591464876553
42606,3.9323591464876553
19818,3.9323591464876553
1579,3.9323591464876553
37804,3.9323591464876553
11907,3.9323591464876553
35287,3.9323591464876553
9904,3.9323591464876553
11372,3.9323591464876553
33957,3.9323591464876553
30002,3.9323591464876553
38638,3.9323591464876553
7352,3.9323591464876553
44781,3.9323591464876553
9149,3.9323591464876553
22914,3.9323591464876553
15555,3.9323591464876553
12296,3.9323591464876553
11184,3.9323591464876553
13677,3.9323591464876553
8244,3.9323591464876553
29129,3.9323591464876553
31421,3.9323591464876553
41473,3.9323591464876553
5069,3.9323591464876553
43758,3.9323591464876553
27601,3.9323591464876553
44505,3.9323591464876553
4963,3.9323591464876553
44930,3.9323591464876553
4742,3.9323591464876553
42099,3.9323591464876553
21508,3.9323591464876553
10471,3.9323591464876553
37678,3.9323591464876553
37058,3.9323591464876553
3661,3.9323591464876553
106,3.9323591464876553
26833,3.9323591464876553
24658,3.9323591464876553
41694,3.9323591464876553
15735,3.9323591464876553
1728,3.9323591464876553
34662,3.9323591464876553
23491,3.9323591464876553
32106,3.9323591464876553
31483,3.9323591464876553
22155,3.9323591464876553
2122,3.9323591464876553
31740,3.9323591464876553
14490,3.9323591464876553
16999,3.9323591464876553
26800,3.9323591464876553
41702,3.9323591464876553
35329,3.9323591464876553
15046,3.9323591464876553
6107,3.9323591464876553
19435,3.9323591464876553
28210,3.9323591464876553
16728,3.9323591464876553
19614,3.9323591464876553
32627,3.9323591464876553
22460,3.9323591464876553
8822,3.9323591464876553
18496,3.9323591464876553
3574,3.9323591464876553
20954,3.9323591464876553
31299,3.9323591464876553
676,3.9323591464876553
9639,3.9323591464876553
3055,3.9323591464876553
39105,3.9323591464876553
13521,3.9323591464876553
39526,3.9323591464876553
42390,3.9323591464876553
399,3.9323591464876553
40484,3.9323591464876553
16291,3.9323591464876553
38548,3.9323591464876553
16514,3.9323591464876553
37852,3.9323591464876553
43722,3.9323591464876553
41654,3.9323591464876553
25811,3.9323591464876553
16649,3.9323591464876553
17241,3.9323591464876553
24040,3.9323591464876553
32160,3.9323591464876553
25176,3.9323591464876553
30949,3.9323591464876553
5136,3.9323591464876553
35450,3.9323591464876553
32578,3.9323591464876553
12876,3.9323591464876553
22238,3.9323591464876553
675,3.9323591464876553
14182,3.9323591464876553
44001,3.9323591464876553
7269,3.9323591464876553
42849,3.9323591464876553
15174,3.9323591464876553
30284,3.9323591464876553
18027,3.9323591464876553
31331,3.9323591464876553
26184,3.9323591464876553
23060,3.9323591464876553
12939,3.9323591464876553
1376,3.9323591464876553
23886,3.9323591464876553
6273,3.9323591464876553
23423,3.9323591464876553
24899,3.9323591464876553
4140,3.9323591464876553
22495,3.9323591464876553
45414,3.9323591464876553
11406,3.9323591464876553
27410,3.9323591464876553
1713,3.9323591464876553
28370,3.9323591464876553
18328,3.9323591464876553
38085,3.9323591464876553
29460,3.9323591464876553
16640,3.9323591464876553
7763,3.9323591464876553
42157,3.9323591464876553
71,3.9323591464876553
5931,3.9323591464876553
9974,3.9323591464876553
3750,3.9323591464876553
16364,3.9323591464876553
966,3.9323591464876553
19444,3.9323591464876553
43636,3.9323591464876553
1364,3.9323591464876553
6343,3.9323591464876553
30353,3.9323591464876553
11437,3.9323591464876553
38918,3.9323591464876553
22554,3.9323591464876553
11991,3.9323591464876553
34672,3.9323591464876553
44442,3.9323591464876553
12419,3.9323591464876553
24180,3.9323591464876553
22287,3.9323591464876553
41179,3.9323591464876553
18639,3.9323591464876553
32741,3.9323591464876553
29256,3.9323591464876553
22883,3.9323591464876553
43586,3.9323591464876553
24780,3.9323591464876553
15890,3.9323591464876553
3298,3.9323591464876553
12746,3.9323591464876553
27719,3.9323591464876553
8252,3.9323591464876553
28868,3.9323591464876553
13549,3.9323591464876553
6871,3.9323591464876553
6670,3.9323591464876553
10083,3.9323591464876553
2199,3.9323591464876553
10080,3.9323591464876553
14731,3.9323591464876553
41464,3.9323591464876553
14698,3.9323591464876553
31204,3.9323591464876553
33874,3.9323591464876553
6659,3.9323591464876553
29506,3.9323591464876553
3858,3.9323591464876553
45348,3.9323591464876553
44538,3.9323591464876553
27971,3.9323591464876553
29633,3.9323591464876553
6969,3.9323591464876553
7859,3.9323591464876553
14905,3.9323591464876553
21671,3.9323591464876553
5102,3.9323591464876553
13615,3.9323591464876553
2678,3.9323591464876553
13493,3.9323591464876553
14883,3.9323591464876553
28547,3.9323591464876553
41541,3.9323591464876553
33442,3.9323591464876553
16172,3.9323591464876553
23017,3.9323591464876553
27269,3.9323591464876553
43082,3.9323591464876553
12441,3.9323591464876553
27988,3.9323591464876553
25752,3.9323591464876553
11686,3.9323591464876553
11621,3.9323591464876553
41069,3.9323591464876553
23524,3.9323591464876553
32695,3.9323591464876553
4069,3.9323591464876553
40328,3.9323591464876553
38017,3.9323591464876553
28148,3.9323591464876553
13320,3.9323591464876553
13879,3.9323591464876553
30976,3.9323591464876553
24087,3.9323591464876553
40551,3.9323591464876553
8508,3.9323591464876553
41994,3.9323591464876553
24192,3.9323591464876553
12073,3.9323591464876553
25225,3.9323591464876553
2956,3.9323591464876553
2151,3.9323591464876553
12210,3.9323591464876553
13800,3.9323591464876553
43723,3.9323591464876553
20934,3.9323591464876553
12001,3.9323591464876553
6259,3.9323591464876553
29035,3.9323591464876553
32810,3.9323591464876553
32461,3.9323591464876553
20869,3.9323591464876553
29173,3.9323591464876553
6691,3.9323591464876553
27695,3.9323591464876553
13107,3.9323591464876553
5051,3.9323591464876553
32900,3.9323591464876553
10134,3.9323591464876553
17468,3.9323591464876553
26190,3.9323591464876553
28977,3.9323591464876553
2034,3.9323591464876553
40941,3.9323591464876553
12230,3.9323591464876553
6148,3.9323591464876553
3529,3.9323591464876553
5797,3.9323591464876553
37170,3.9323591464876553
1491,3.9323591464876553
19596,3.9323591464876553
45018,3.9323591464876553
12328,3.9323591464876553
39365,3.9323591464876553
38336,3.9323591464876553
36316,3.9323591464876553
17233,3.9323591464876553
19075,3.9323591464876553
41340,3.9323591464876553
35481,3.9323591464876553
1721,3.9323591464876553
12350,3.9323591464876553
45113,3.9323591464876553
28510,3.9323591464876553
20315,3.9323591464876553
2390,3.9323591464876553
44510,3.9323591464876553
30528,3.9323591464876553
1958,3.9323591464876553
20174,3.9323591464876553
33676,3.9323591464876553
13602,3.9323591464876553
6541,3.9323591464876553
9299,3.9323591464876553
23961,3.9323591464876553
35458,3.9323591464876553
5005,3.9323591464876553
12013,3.9323591464876553
15652,3.9323591464876553
31262,3.9323591464876553
7512,3.9323591464876553
38717,3.9323591464876553
17313,3.9323591464876553
23007,3.9323591464876553
23336,3.9323591464876553
43616,3.9323591464876553
16428,3.9323591464876553
2686,3.9323591464876553
17603,3.9323591464876553
35878,3.9323591464876553
32811,3.9323591464876553
10324,3.9323591464876553
12941,3.9323591464876553
3065,3.9323591464876553
22892,3.9323591464876553
13762,3.9323591464876553
17679,3.9323591464876553
14257,3.9323591464876553
30143,3.9323591464876553
32426,3.9323591464876553
1097,3.9323591464876553
41111,3.9323591464876553
40030,3.9323591464876553
26950,3.9323591464876553
15430,3.9323591464876553
24729,3.9323591464876553
17245,3.9323591464876553
36048,3.9323591464876553
8013,3.9323591464876553
13930,3.9323591464876553
17873,3.9323591464876553
22331,3.9323591464876553
453,3.9323591464876553
42632,3.9323591464876553
8910,3.9323591464876553
1319,3.9323591464876553
7347,3.9323591464876553
6425,3.9323591464876553
39941,3.9323591464876553
30280,3.9323591464876553
24955,3.9323591464876553
12994,3.9323591464876553
36606,3.9323591464876553
32234,3.9323591464876553
35558,3.9323591464876553
34768,3.9323591464876553
25996,3.9323591464876553
25895,3.9323591464876553
27313,3.9323591464876553
33514,3.9323591464876553
12812,3.9323591464876553
11698,3.9323591464876553
13037,3.9323591464876553
16992,3.9323591464876553
41951,3.9323591464876553
39541,3.9323591464876553
1226,3.9323591464876553
31318,3.9323591464876553
12722,3.9323591464876553
19176,3.9323591464876553
13603,3.9323591464876553
35268,3.9323591464876553
28316,3.9323591464876553
15655,3.9323591464876553
2265,3.9323591464876553
18047,3.9323591464876553
41092,3.9323591464876553
27306,3.9323591464876553
834,3.9323591464876553
31153,3.9323591464876553
34895,3.9323591464876553
38426,3.9323591464876553
2112,3.9323591464876553
26578,3.9323591464876553
21173,3.9323591464876553
17316,3.9323591464876553
22724,3.9323591464876553
7271,3.9323591464876553
12916,3.9323591464876553
1542,3.9323591464876553
1431,3.9323591464876553
30260,3.9323591464876553
33704,3.9323591464876553
5372,3.9323591464876553
17986,3.9323591464876553
16234,3.9323591464876553
16878,3.9323591464876553
16151,3.9323591464876553
39988,3.9323591464876553
42210,3.9323591464876553
25100,3.9323591464876553
28254,3.9323591464876553
15101,3.9323591464876553
10804,3.9323591464876553
11630,3.9323591464876553
30423,3.9323591464876553
40491,3.9323591464876553
30071,3.9323591464876553
15578,3.9323591464876553
1625,3.9323591464876553
38424,3.9323591464876553
24154,3.9323591464876553
11149,3.9323591464876553
12317,3.9323591464876553
43060,3.9323591464876553
13119,3.9323591464876553
354,3.9323591464876553
13501,3.9323591464876553
7633,3.9323591464876553
19178,3.9323591464876553
24284,3.9323591464876553
20024,3.9323591464876553
428,3.9323591464876553
27091,3.9323591464876553
11333,3.9323591464876553
21194,3.9323591464876553
9558,3.9323591464876553
22067,3.9323591464876553
30191,3.9323591464876553
5374,3.9323591464876553
8710,3.9323591464876553
28225,3.9323591464876553
29253,3.9323591464876553
42143,3.9323591464876553
16004,3.9323591464876553
40299,3.9323591464876553
39213,3.9323591464876553
21348,3.9323591464876553
7848,3.9323591464876553
13576,3.9323591464876553
28822,3.9323591464876553
39444,3.9323591464876553
45616,3.9323591464876553
20812,3.9323591464876553
37061,3.9323591464876553
57,3.9323591464876553
13667,3.9323591464876553
2893,3.9323591464876553
12571,3.9323591464876553
21282,3.9323591464876553
38300,3.9323591464876553
5816,3.9323591464876553
33614,3.9323591464876553
27432,3.9323591464876553
1883,3.9323591464876553
9060,3.9323591464876553
8489,3.9323591464876553
35827,3.9323591464876553
32884,3.9323591464876553
32823,3.9323591464876553
41070,3.9323591464876553
34901,3.9323591464876553
37674,3.9323591464876553
44542,3.9323591464876553
23303,3.9323591464876553
26439,3.9323591464876553
4600,3.9323591464876553
26407,3.9323591464876553
20316,3.9323591464876553
30677,3.9323591464876553
1423,3.9323591464876553
42878,3.9323591464876553
43440,3.9323591464876553
28486,3.9323591464876553
24863,3.9323591464876553
40620,3.9323591464876553
3834,3.9323591464876553
32328,3.9323591464876553
18255,3.9323591464876553
16897,3.9323591464876553
24985,3.9323591464876553
38951,3.9323591464876553
122,3.9323591464876553
30820,3.9323591464876553
30587,3.9323591464876553
10203,3.9323591464876553
43380,3.9323591464876553
3053,3.9323591464876553
7955,3.9323591464876553
14098,3.9323591464876553
22193,3.9323591464876553
18324,3.9323591464876553
37785,3.9323591464876553
3895,3.9323591464876553
28351,3.9323591464876553
38504,3.9323591464876553
2412,3.9323591464876553
23577,3.9323591464876553
9539,3.9323591464876553
31573,3.9323591464876553
11089,3.9323591464876553
4008,3.9323591464876553
21608,3.9323591464876553
12786,3.9323591464876553
17770,3.9323591464876553
16184,3.9323591464876553
37301,3.9323591464876553
31555,3.9323591464876553
14504,3.9323591464876553
2646,3.9323591464876553
10797,3.9323591464876553
29499,3.9323591464876553
42714,3.9323591464876553
33292,3.9323591464876553
18962,3.9323591464876553
15374,3.9323591464876553
3348,3.9323591464876553
35347,3.9323591464876553
11033,3.9323591464876553
12297,3.9323591464876553
18013,3.9323591464876553
9349,3.9323591464876553
16102,3.9323591464876553
18874,3.9323591464876553
6855,3.9323591464876553
3446,3.9323591464876553
1702,3.9323591464876553
45118,3.9323591464876553
13914,3.9323591464876553
9811,3.9323591464876553
2255,3.9323591464876553
14934,3.9323591464876553
28466,3.9323591464876553
41506,3.9323591464876553
8726,3.9323591464876553
565,3.9323591464876553
30231,3.9323591464876553
42417,3.9323591464876553
11197,3.9323591464876553
2371,3.9323591464876553
14477,3.9323591464876553
39081,3.9323591464876553
14666,3.9323591464876553
4723,3.9323591464876553
23784,3.9323591464876553
1459,3.9323591464876553
32307,3.9323591464876553
18394,3.9323591464876553
7663,3.9323591464876553
28356,3.9323591464876553
12724,3.9323591464876553
24442,3.9323591464876553
18758,3.9323591464876553
17026,3.9323591464876553
44225,3.9323591464876553
2802,3.9323591464876553
43028,3.9323591464876553
32154,3.9323591464876553
15251,3.9323591464876553
8520,3.9323591464876553
16921,3.9323591464876553
21930,3.9323591464876553
33002,3.9323591464876553
35896,3.9323591464876553
33488,3.9323591464876553
4221,3.9323591464876553
26324,3.9323591464876553
19063,3.9323591464876553
13543,3.9323591464876553
7182,3.9323591464876553
85,3.9323591464876553
17944,3.9323591464876553
38333,3.9323591464876553
38737,3.9323591464876553
30233,3.9323591464876553
8538,3.9323591464876553
45037,3.9323591464876553
37387,3.9323591464876553
13451,3.9323591464876553
11702,3.9323591464876553
650,3.9323591464876553
13374,3.9323591464876553
18519,3.9323591464876553
28567,3.9323591464876553
40425,3.9323591464876553
42438,3.9323591464876553
34319,3.9323591464876553
23438,3.9323591464876553
23832,3.9323591464876553
290,3.9323591464876553
409,3.9323591464876553
31985,3.9323591464876553
9923,3.9323591464876553
2542,3.9323591464876553
9512,3.9323591464876553
15924,3.9323591464876553
13981,3.9323591464876553
11377,3.9323591464876553
7841,3.9323591464876553
12079,3.9323591464876553
16963,3.9323591464876553
23944,3.9323591464876553
38123,3.9323591464876553
24666,3.9323591464876553
40459,3.9323591464876553
7375,3.9323591464876553
32610,3.9323591464876553
10503,3.9323591464876553
17176,3.9323591464876553
20781,3.9323591464876553
36128,3.9323591464876553
35475,3.9323591464876553
42501,3.9323591464876553
25426,3.9323591464876553
25435,3.9323591464876553
2896,3.9323591464876553
32589,3.9323591464876553
16994,3.9323591464876553
15783,3.9323591464876553
30575,3.9323591464876553
24066,3.9323591464876553
17216,3.9323591464876553
32078,3.9323591464876553
17872,3.9323591464876553
12582,3.9323591464876553
6614,3.9323591464876553
15587,3.9323591464876553
3872,3.9323591464876553
11334,3.9323591464876553
22912,3.9323591464876553
28388,3.9323591464876553
3231,3.9323591464876553
30590,3.9323591464876553
16427,3.9323591464876553
28913,3.9323591464876553
38296,3.9323591464876553
33490,3.9323591464876553
8200,3.9323591464876553
7672,3.9323591464876553
31999,3.9323591464876553
18853,3.9323591464876553
17635,3.9323591464876553
10090,3.9323591464876553
10006,3.9323591464876553
28733,3.9323591464876553
16598,3.9323591464876553
23421,3.9323591464876553
27023,3.9323591464876553
27804,3.9323591464876553
28385,3.9323591464876553
6326,3.9323591464876553
10238,3.9323591464876553
2228,3.9323591464876553
28805,3.9323591464876553
11741,3.9323591464876553
15298,3.9323591464876553
41073,3.9323591464876553
3047,3.9323591464876553
36314,3.9323591464876553
41342,3.9323591464876553
19259,3.9323591464876553
39961,3.9323591464876553
2022,3.9323591464876553
4223,3.9323591464876553
33917,3.9323591464876553
8703,3.9323591464876553
5893,3.9323591464876553
10765,3.9323591464876553
10909,3.9323591464876553
15466,3.9323591464876553
1848,3.9323591464876553
8428,3.9323591464876553
8880,3.9323591464876553
40329,3.9323591464876553
29587,3.9323591464876553
3650,3.9323591464876553
3117,3.9323591464876553
10000,3.9323591464876553
36570,3.9323591464876553
31488,3.9323591464876553
24572,3.9323591464876553
39308,3.9323591464876553
2257,3.9323591464876553
27038,3.9323591464876553
28470,3.9323591464876553
39433,3.9323591464876553
13661,3.9323591464876553
33447,3.9323591464876553
45564,3.9323591464876553
2586,3.9323591464876553
35092,3.9323591464876553
29788,3.9323591464876553
1533,3.9323591464876553
42180,3.9323591464876553
34241,3.9323591464876553
28796,3.9323591464876553
23809,3.9323591464876553
27347,3.9323591464876553
34596,3.9323591464876553
27932,3.9323591464876553
5477,3.9323591464876553
23979,3.9323591464876553
21557,3.9323591464876553
11234,3.9323591464876553
30001,3.9323591464876553
22199,3.9323591464876553
19474,3.9323591464876553
37036,3.9323591464876553
33194,3.9323591464876553
27054,3.9323591464876553
42688,3.9323591464876553
44628,3.9323591464876553
16299,3.9323591464876553
33668,3.9323591464876553
24676,3.9323591464876553
42172,3.9323591464876553
302,3.9323591464876553
30551,3.9323591464876553
35519,3.9323591464876553
33566,3.9323591464876553
43378,3.9323591464876553
8542,3.9323591464876553
13545,3.9323591464876553
13042,3.9323591464876553
5027,3.9323591464876553
16735,3.9323591464876553
9418,3.9323591464876553
18765,3.9323591464876553
2289,3.9323591464876553
38400,3.9323591464876553
38667,3.9323591464876553
33139,3.9323591464876553
24727,3.9323591464876553
36953,3.9323591464876553
43375,3.9323591464876553
22421,3.9323591464876553
24914,3.9323591464876553
10210,3.9323591464876553
10561,3.9323591464876553
9638,3.9323591464876553
35440,3.9323591464876553
28674,3.9323591464876553
7600,3.9323591464876553
22076,3.9323591464876553
20517,3.9323591464876553
9594,3.9323591464876553
19913,3.9323591464876553
524,3.9323591464876553
12560,3.9323591464876553
26187,3.9323591464876553
9755,3.9323591464876553
1241,3.9323591464876553
29204,3.9323591464876553
24604,3.9323591464876553
18067,3.9323591464876553
28850,3.9323591464876553
15276,3.9323591464876553
27438,3.9323591464876553
38775,3.9323591464876553
33418,3.9323591464876553
10780,3.9323591464876553
40378,3.9323591464876553
45500,3.9323591464876553
2099,3.9323591464876553
16325,3.9323591464876553
34221,3.9323591464876553
17133,3.9323591464876553
40792,3.9323591464876553
24953,3.9323591464876553
24737,3.9323591464876553
5571,3.9323591464876553
24178,3.9323591464876553
22239,3.9323591464876553
6534,3.9323591464876553
45440,3.9323591464876553
23000,3.9323591464876553
23224,3.9323591464876553
32130,3.9323591464876553
14941,3.9323591464876553
37057,3.9323591464876553
15544,3.9323591464876553
880,3.9323591464876553
3577,3.9323591464876553
40859,3.9323591464876553
31491,3.9323591464876553
30358,3.9323591464876553
44816,3.9323591464876553
13254,3.9323591464876553
17701,3.9323591464876553
38860,3.9323591464876553
31114,3.9323591464876553
37828,3.9323591464876553
21823,3.9323591464876553
13519,3.9323591464876553
39543,3.9323591464876553
4278,3.9323591464876553
33333,3.9323591464876553
16569,3.9323591464876553
37638,3.9323591464876553
23392,3.9323591464876553
17961,3.9323591464876553
41426,3.9323591464876553
8533,3.9323591464876553
9844,3.9323591464876553
23249,3.9323591464876553
34902,3.9323591464876553
23558,3.9323591464876553
15047,3.9323591464876553
24297,3.9323591464876553
29390,3.9323591464876553
10089,3.9323591464876553
13423,3.9323591464876553
43486,3.9323591464876553
1561,3.9323591464876553
9913,3.9323591464876553
13106,3.9323591464876553
7336,3.9323591464876553
20074,3.9323591464876553
4717,3.9323591464876553
32262,3.9323591464876553
39793,3.9323591464876553
5814,3.9323591464876553
29537,3.9323591464876553
20677,3.9323591464876553
3469,3.9323591464876553
1424,3.9323591464876553
21682,3.9323591464876553
26085,3.9323591464876553
28067,3.9323591464876553
34301,3.9323591464876553
4314,3.9323591464876553
45294,3.9323591464876553
21062,3.9323591464876553
15058,3.9323591464876553
13616,3.9323591464876553
20862,3.9323591464876553
26725,3.9323591464876553
45432,3.9323591464876553
21756,3.9323591464876553
30247,3.9323591464876553
23722,3.9323591464876553
12851,3.9323591464876553
18489,3.9323591464876553
19439,3.9323591464876553
14463,3.9323591464876553
410,3.9323591464876553
26236,3.9323591464876553
9981,3.9323591464876553
13012,3.9323591464876553
37986,3.9323591464876553
18265,3.9323591464876553
29619,3.9323591464876553
10460,3.9323591464876553
24889,3.9323591464876553
28810,3.9323591464876553
11824,3.9323591464876553
6367,3.9323591464876553
25278,3.9323591464876553
20944,3.9323591464876553
19681,3.9323591464876553
30,3.9323591464876553
24733,3.9323591464876553
20929,3.9323591464876553
44734,3.9323591464876553
13467,3.9323591464876553
43317,3.9323591464876553
28561,3.9323591464876553
19822,3.9323591464876553
5759,3.9323591464876553
45595,3.9323591464876553
27515,3.9323591464876553
10495,3.9323591464876553
30343,3.9323591464876553
18021,3.9323591464876553
2804,3.9323591464876553
25367,3.9323591464876553
26480,3.9323591464876553
33557,3.9323591464876553
7529,3.9323591464876553
39763,3.9323591464876553
25192,3.9323591464876553
2283,3.9323591464876553
13842,3.9323591464876553
44879,3.9323591464876553
19412,3.9323591464876553
7803,3.9323591464876553
34510,3.9323591464876553
19498,3.9323591464876553
2921,3.9323591464876553
8004,3.9323591464876553
6388,3.9323591464876553
8964,3.9323591464876553
41278,3.9323591464876553
7850,3.9323591464876553
37750,3.9323591464876553
14460,3.9323591464876553
10622,3.9323591464876553
22591,3.9323591464876553
13490,3.9323591464876553
38473,3.9323591464876553
9525,3.9323591464876553
31947,3.9323591464876553
20498,3.9323591464876553
26596,3.9323591464876553
17905,3.9323591464876553
31968,3.9323591464876553
22470,3.9323591464876553
32396,3.9323591464876553
16448,3.9323591464876553
18854,3.9323591464876553
17437,3.9323591464876553
31637,3.9323591464876553
26088,3.9323591464876553
19768,3.9323591464876553
23601,3.9323591464876553
10311,3.9323591464876553
37027,3.9323591464876553
21437,3.9323591464876553
23955,3.9323591464876553
4162,3.9323591464876553
9012,3.9323591464876553
7113,3.9323591464876553
7231,3.9323591464876553
38338,3.9323591464876553
37538,3.9323591464876553
37773,3.9323591464876553
2688,3.9323591464876553
10916,3.9323591464876553
17334,3.9323591464876553
6693,3.9323591464876553
6297,3.9323591464876553
3102,3.9323591464876553
10118,3.9323591464876553
15314,3.9323591464876553
2100,3.9323591464876553
16654,3.9323591464876553
31095,3.9323591464876553
18341,3.9323591464876553
33342,3.9323591464876553
3491,3.9323591464876553
9327,3.9323591464876553
43988,3.9323591464876553
16331,3.9323591464876553
30066,3.9323591464876553
23870,3.9323591464876553
6291,3.9323591464876553
28003,3.9323591464876553
21722,3.9323591464876553
32778,3.9323591464876553
19430,3.9323591464876553
38669,3.9323591464876553
39339,3.9323591464876553
28055,3.9323591464876553
20417,3.9323591464876553
32572,3.9323591464876553
8568,3.9323591464876553
8233,3.9323591464876553
3733,3.9323591464876553
30523,3.9323591464876553
14456,3.9323591464876553
39077,3.9323591464876553
31389,3.9323591464876553
11279,3.9323591464876553
11901,3.9323591464876553
3493,3.9323591464876553
2868,3.9323591464876553
9355,3.9323591464876553
3788,3.9323591464876553
13469,3.9323591464876553
36946,3.9323591464876553
3758,3.9323591464876553
14312,3.9323591464876553
20240,3.9323591464876553
14003,3.9323591464876553
36072,3.9323591464876553
24762,3.9323591464876553
13829,3.9323591464876553
29052,3.9323591464876553
24581,3.9323591464876553
25101,3.9323591464876553
41495,3.9323591464876553
28660,3.9323591464876553
29981,3.9323591464876553
7432,3.9323591464876553
40184,3.9323591464876553
19997,3.9323591464876553
15312,3.9323591464876553
8196,3.9323591464876553
6656,3.9323591464876553
9833,3.9323591464876553
35100,3.9323591464876553
7048,3.9323591464876553
31763,3.9323591464876553
11777,3.9323591464876553
2937,3.9323591464876553
33671,3.9323591464876553
8373,3.9323591464876553
19506,3.9323591464876553
23001,3.9323591464876553
14917,3.9323591464876553
3914,3.9323591464876553
13500,3.9323591464876553
22196,3.9323591464876553
18335,3.9323591464876553
41703,3.9323591464876553
3580,3.9323591464876553
9717,3.9323591464876553
20157,3.9323591464876553
25961,3.9323591464876553
25937,3.9323591464876553
38169,3.9323591464876553
35412,3.9323591464876553
20895,3.9323591464876553
15464,3.9323591464876553
31916,3.9323591464876553
31923,3.9323591464876553
11653,3.9323591464876553
24908,3.9323591464876553
35234,3.9323591464876553
25495,3.9323591464876553
8335,3.9323591464876553
41376,3.9323591464876553
19409,3.9323591464876553
20661,3.9323591464876553
39473,3.9323591464876553
12686,3.9323591464876553
18146,3.9323591464876553
39124,3.9323591464876553
37444,3.9323591464876553
13147,3.9323591464876553
24978,3.9323591464876553
44012,3.9323591464876553
19484,3.9323591464876553
41330,3.9323591464876553
9831,3.9323591464876553
33484,3.9323591464876553
12618,3.9323591464876553
11136,3.9323591464876553
35159,3.9323591464876553
7613,3.9323591464876553
1377,3.9323591464876553
8495,3.9323591464876553
14981,3.9323591464876553
16425,3.9323591464876553
41513,3.9323591464876553
3685,3.9323591464876553
9538,3.9323591464876553
42622,3.9323591464876553
41663,3.9323591464876553
25355,3.9323591464876553
7606,3.9323591464876553
27582,3.9323591464876553
26934,3.9323591464876553
29075,3.9323591464876553
34299,3.9323591464876553
15682,3.9323591464876553
11890,3.9323591464876553
43344,3.9323591464876553
6562,3.9323591464876553
29396,3.9323591464876553
19193,3.9323591464876553
16315,3.9323591464876553
9531,3.9323591464876553
29571,3.9323591464876553
10420,3.9323591464876553
39622,3.9323591464876553
37737,3.9323591464876553
5220,3.9323591464876553
10757,3.9323591464876553
2835,3.9323591464876553
6690,3.9323591464876553
16177,3.9323591464876553
43841,3.9323591464876553
5209,3.9323591464876553
20019,3.9323591464876553
5370,3.9323591464876553
24828,3.9323591464876553
44002,3.9323591464876553
40127,3.9323591464876553
20422,3.9323591464876553
31222,3.9323591464876553
1465,3.9323591464876553
12650,3.9323591464876553
24800,3.9323591464876553
5776,3.9323591464876553
11597,3.9323591464876553
2968,3.9323591464876553
29378,3.9323591464876553
21365,3.9323591464876553
18072,3.9323591464876553
9622,3.9323591464876553
41344,3.9323591464876553
11431,3.9323591464876553
25373,3.9323591464876553
28819,3.9323591464876553
28026,3.9323591464876553
30836,3.9323591464876553
7983,3.9323591464876553
9141,3.9323591464876553
25440,3.9323591464876553
39994,3.9323591464876553
32929,3.9323591464876553
30712,3.9323591464876553
6197,3.9323591464876553
17181,3.9323591464876553
17204,3.9323591464876553
40911,3.9323591464876553
44185,3.9323591464876553
29593,3.9323591464876553
2560,3.9323591464876553
8,3.9323591464876553
42891,3.9323591464876553
25395,3.9323591464876553
35806,3.9323591464876553
37683,3.9323591464876553
10808,3.9323591464876553
24196,3.9323591464876553
32484,3.9323591464876553
9245,3.9323591464876553
12193,3.9323591464876553
27222,3.9323591464876553
22913,3.9323591464876553
14214,3.9323591464876553
42706,3.9323591464876553
28729,3.9323591464876553
39508,3.9323591464876553
45017,3.9323591464876553
26829,3.9323591464876553
21550,3.9323591464876553
3604,3.9323591464876553
41518,3.9323591464876553
11468,3.9323591464876553
162,3.9323591464876553
21294,3.9323591464876553
29906,3.9323591464876553
27779,3.9323591464876553
24904,3.9323591464876553
4812,3.9323591464876553
24305,3.9323591464876553
24779,3.9323591464876553
8581,3.9323591464876553
15460,3.9323591464876553
11432,3.9323591464876553
42915,3.9323591464876553
23942,3.9323591464876553
11980,3.9323591464876553
9619,3.9323591464876553
35427,3.9323591464876553
37815,3.9323591464876553
4031,3.9323591464876553
13337,3.9323591464876553
22898,3.9323591464876553
42447,3.9323591464876553
7055,3.9323591464876553
12016,3.9323591464876553
6680,3.9323591464876553
31833,3.9323591464876553
12937,3.9323591464876553
32258,3.9323591464876553
26048,3.9323591464876553
38670,3.9323591464876553
23757,3.9323591464876553
5210,3.9323591464876553
50,3.9323591464876553
14790,3.9323591464876553
5787,3.9323591464876553
21536,3.9323591464876553
15582,3.9323591464876553
24378,3.9323591464876553
16503,3.9323591464876553
2153,3.9323591464876553
41834,3.9323591464876553
29622,3.9323591464876553
3635,3.9323591464876553
35348,3.9323591464876553
2718,3.9323591464876553
29022,3.9323591464876553
25279,3.9323591464876553
22198,3.9323591464876553
44759,3.9323591464876553
28963,3.9323591464876553
43545,3.9323591464876553
44617,3.9323591464876553
29966,3.9323591464876553
30097,3.9323591464876553
39638,3.9323591464876553
385,3.9323591464876553
16991,3.9323591464876553
38313,3.9323591464876553
31619,3.9323591464876553
13598,3.9323591464876553
13063,3.9323591464876553
11635,3.9323591464876553
13929,3.9323591464876553
32964,3.9323591464876553
29205,3.9323591464876553
3478,3.9323591464876553
37340,3.9323591464876553
3985,3.9323591464876553
15044,3.9323591464876553
23930,3.9323591464876553
42056,3.9323591464876553
41962,3.9323591464876553
423,3.9323591464876553
40226,3.9323591464876553
15154,3.9323591464876553
9875,3.9323591464876553
19802,3.9323591464876553
38339,3.9323591464876553
9330,3.9323591464876553
14473,3.9323591464876553
8499,3.9323591464876553
32609,3.9323591464876553
25244,3.9323591464876553
11766,3.9323591464876553
5659,3.9323591464876553
14888,3.9323591464876553
5417,3.9323591464876553
32592,3.9323591464876553
5261,3.9323591464876553
2045,3.9323591464876553
38513,3.9323591464876553
14075,3.9323591464876553
32349,3.9323591464876553
26417,3.9323591464876553
14179,3.9323591464876553
43461,3.9323591464876553
32289,3.9323591464876553
39633,3.9323591464876553
5362,3.9323591464876553
45506,3.9323591464876553
33474,3.9323591464876553
34881,3.9323591464876553
1744,3.9323591464876553
36064,3.9323591464876553
27266,3.9323591464876553
16388,3.9323591464876553
44684,3.9323591464876553
36085,3.9323591464876553
426,3.9323591464876553
3051,3.9323591464876553
5413,3.9323591464876553
31098,3.9323591464876553
15124,3.9323591464876553
39692,3.9323591464876553
2494,3.9323591464876553
8601,3.9323591464876553
32424,3.9323591464876553
28194,3.9323591464876553
7838,3.9323591464876553
2923,3.9323591464876553
13018,3.9323591464876553
9350,3.9323591464876553
17707,3.9323591464876553
22584,3.9323591464876553
12090,3.9323591464876553
35805,3.9323591464876553
24704,3.9323591464876553
17548,3.9323591464876553
12365,3.9323591464876553
34534,3.9323591464876553
40277,3.9323591464876553
45092,3.9323591464876553
11563,3.9323591464876553
19411,3.9323591464876553
14946,3.9323591464876553
7341,3.9323591464876553
28701,3.9323591464876553
9298,3.9323591464876553
21266,3.9323591464876553
32516,3.9323591464876553
17550,3.9323591464876553
14591,3.9323591464876553
10756,3.9323591464876553
8205,3.9323591464876553
9253,3.9323591464876553
12511,3.9323591464876553
28207,3.9323591464876553
7869,3.9323591464876553
18035,3.9323591464876553
24660,3.9323591464876553
45030,3.9323591464876553
16376,3.9323591464876553
26426,3.9323591464876553
35792,3.9323591464876553
337,3.9323591464876553
30368,3.9323591464876553
16702,3.9323591464876553
17230,3.9323591464876553
7119,3.9323591464876553
24858,3.9323591464876553
33481,3.9323591464876553
35888,3.9323591464876553
38911,3.9323591464876553
766,3.9323591464876553
36005,3.9323591464876553
497,3.9323591464876553
36076,3.9323591464876553
28873,3.9323591464876553
20660,3.9323591464876553
30626,3.9323591464876553
43384,3.9323591464876553
20552,3.9323591464876553
38264,3.9323591464876553
9030,3.9323591464876553
13276,3.9323591464876553
9464,3.9323591464876553
15872,3.9323591464876553
42573,3.9323591464876553
10433,3.9323591464876553
34570,3.9323591464876553
1800,3.9323591464876553
40016,3.9323591464876553
6619,3.9323591464876553
31351,3.9323591464876553
22743,3.9323591464876553
29152,3.9323591464876553
9484,3.9323591464876553
5015,3.9323591464876553
8073,3.9323591464876553
22409,3.9323591464876553
41430,3.9323591464876553
28395,3.9323591464876553
38913,3.9323591464876553
12880,3.9323591464876553
3774,3.9323591464876553
10750,3.9323591464876553
26049,3.9323591464876553
91,3.9323591464876553
45291,3.9323591464876553
30399,3.9323591464876553
31466,3.9323591464876553
38827,3.9323591464876553
32893,3.9323591464876553
37186,3.9323591464876553
8750,3.9323591464876553
5066,3.9323591464876553
26289,3.9323591464876553
37299,3.9323591464876553
25923,3.9323591464876553
18365,3.9323591464876553
40636,3.9323591464876553
32779,3.9323591464876553
45486,3.9323591464876553
29471,3.9323591464876553
5129,3.9323591464876553
29565,3.9323591464876553
44380,3.9323591464876553
35735,3.9323591464876553
6290,3.9323591464876553
12052,3.9323591464876553
33559,3.9323591464876553
34052,3.9323591464876553
37434,3.9323591464876553
11251,3.9323591464876553
17122,3.9323591464876553
16547,3.9323591464876553
15692,3.9323591464876553
1473,3.9323591464876553
8865,3.9323591464876553
28468,3.9323591464876553
36522,3.9323591464876553
28666,3.9323591464876553
24763,3.9323591464876553
22868,3.9323591464876553
826,3.9323591464876553
7661,3.9323591464876553
15826,3.9323591464876553
18843,3.9323591464876553
12401,3.9323591464876553
10988,3.9323591464876553
15177,3.9323591464876553
23588,3.9323591464876553
8557,3.9323591464876553
44039,3.9323591464876553
31104,3.9323591464876553
8162,3.9323591464876553
10691,3.9323591464876553
9517,3.9323591464876553
44514,3.9323591464876553
9456,3.9323591464876553
9820,3.9323591464876553
4055,3.9323591464876553
9507,3.9323591464876553
2971,3.9323591464876553
26603,3.9323591464876553
19298,3.9323591464876553
38529,3.9323591464876553
37594,3.9323591464876553
25154,3.9323591464876553
18822,3.9323591464876553
6459,3.9323591464876553
32581,3.9323591464876553
16527,3.9323591464876553
31722,3.9323591464876553
17020,3.9323591464876553
37603,3.9323591464876553
26330,3.9323591464876553
37023,3.9323591464876553
42410,3.9323591464876553
22192,3.9323591464876553
28688,3.9323591464876553
22242,3.9323591464876553
30215,3.9323591464876553
8766,3.9323591464876553
17056,3.9323591464876553
41684,3.9323591464876553
13069,3.9323591464876553
30352,3.9323591464876553
40487,3.9323591464876553
5008,3.9323591464876553
31304,3.9323591464876553
33297,3.9323591464876553
23261,3.9323591464876553
13494,3.9323591464876553
19608,3.9323591464876553
23848,3.9323591464876553
26147,3.9323591464876553
26592,3.9323591464876553
31465,3.9323591464876553
37350,3.9323591464876553
30391,3.9323591464876553
41492,3.9323591464876553
39397,3.9323591464876553
1449,3.9323591464876553
22557,3.9323591464876553
1123,3.9323591464876553
2343,3.9323591464876553
4332,3.9323591464876553
25922,3.9323591464876553
15773,3.9323591464876553
20468,3.9323591464876553
2626,3.9323591464876553
15550,3.9323591464876553
38990,3.9323591464876553
38905,3.9323591464876553
944,3.9323591464876553
7805,3.9323591464876553
31880,3.9323591464876553
414,3.9323591464876553
43905,3.9323591464876553
26860,3.9323591464876553
40343,3.9323591464876553
19333,3.9323591464876553
6543,3.9323591464876553
31227,3.9323591464876553
29625,3.9323591464876553
29514,3.9323591464876553
40156,3.9323591464876553
32760,3.9323591464876553
34284,3.9323591464876553
17722,3.9323591464876553
1849,3.9323591464876553
10456,3.9323591464876553
32782,3.9323591464876553
9784,3.9323591464876553
4947,3.9323591464876553
23194,3.9323591464876553
13659,3.9323591464876553
13591,3.9323591464876553
38075,3.9323591464876553
15698,3.9323591464876553
38510,3.9323591464876553
17290,3.9323591464876553
43620,3.9323591464876553
9669,3.9323591464876553
4986,3.9323591464876553
35988,3.9323591464876553
2499,3.9323591464876553
22459,3.9323591464876553
24930,3.9323591464876553
2281,3.9323591464876553
11557,3.9323591464876553
35848,3.9323591464876553
30318,3.9323591464876553
13136,3.9323591464876553
43166,3.9323591464876553
20932,3.9323591464876553
17366,3.9323591464876553
26449,3.9323591464876553
32298,3.9323591464876553
28456,3.9323591464876553
14719,3.9323591464876553
446,3.9323591464876553
